Ansley Place:246:Total Nonrec Capital Exp-Admin Bldgs	Apr 2017:Actual	0.0
Ansley Place:246:Total Nonrec Capital Exp-Admin Bldgs	Apr 2017:Budget	
Ansley Place:246:Total Nonrec Capital Exp-Admin Bldgs	Apr 2017:Actual per Unit	0.0
Ansley Place:246:Total Nonrec Capital Exp-Admin Bldgs	Apr 2017:Budget per Unit	0.0
Ansley Place:246:Total Nonrec Capital Exp-Admin Bldgs	Apr 2017:Budget Variance $	0.0
Ansley Place:246:Total Nonrec Capital Exp-Admin Bldgs	Apr 2017:Budget Variance %	
Ansley Place:246:Total Nonrec Capital Exp-Admin Bldgs	May 2017:Actual	0.0
Ansley Place:246:Total Nonrec Capital Exp-Admin Bldgs	May 2017:Budget	0.0
Ansley Place:246:Total Nonrec Capital Exp-Admin Bldgs	May 2017:Actual per Unit	0.0
Ansley Place:246:Total Nonrec Capital Exp-Admin Bldgs	May 2017:Budget per Unit	0.0
Ansley Place:246:Total Nonrec Capital Exp-Admin Bldgs	May 2017:Budget Variance $	0.0
Ansley Place:246:Total Nonrec Capital Exp-Admin Bldgs	May 2017:Budget Variance %	
Ansley Place:246:Total Nonrec Capital Exp-Admin Bldgs	Jun 2017:Actual	0.0
Ansley Place:246:Total Nonrec Capital Exp-Admin Bldgs	Jun 2017:Budget	0.0
Ansley Place:246:Total Nonrec Capital Exp-Admin Bldgs	Jun 2017:Actual per Unit	0.0
Ansley Place:246:Total Nonrec Capital Exp-Admin Bldgs	Jun 2017:Budget per Unit	0.0
Ansley Place:246:Total Nonrec Capital Exp-Admin Bldgs	Jun 2017:Budget Variance $	0.0
Ansley Place:246:Total Nonrec Capital Exp-Admin Bldgs	Jun 2017:Budget Variance %	
Ansley Place:246:Total Nonrec Capital Exp-Admin Bldgs	Jul 2017:Actual	
Ansley Place:246:Total Nonrec Capital Exp-Admin Bldgs	Jul 2017:Budget	0.0
Ansley Place:246:Total Nonrec Capital Exp-Admin Bldgs	Jul 2017:Actual per Unit	0.0
Ansley Place:246:Total Nonrec Capital Exp-Admin Bldgs	Jul 2017:Budget per Unit	0.0
Ansley Place:246:Total Nonrec Capital Exp-Admin Bldgs	Jul 2017:Budget Variance $	0.0
Ansley Place:246:Total Nonrec Capital Exp-Admin Bldgs	Jul 2017:Budget Variance %	
Ansley Place:246:Total Nonrec Capital Exp-Admin Bldgs	Actual:Actual	0.0
Ansley Place:246:Total Nonrec Capital Exp-Admin Bldgs	Budget:Budget	
Ansley Place:246:Total Nonrec Capital Exp-Admin Bldgs	Actual per Unit:Actual per Unit	0.0
Ansley Place:246:Total Nonrec Capital Exp-Admin Bldgs	Budget per Unit:Budget per Unit	0.0
Ansley Place:246:Total Nonrec Capital Exp-Admin Bldgs	Budget Variance $:Budget Variance $	0.0
Ansley Place:246:Total Nonrec Capital Exp-Admin Bldgs	Budget Variance %:Budget Variance %	
Ansley Place:246:Total Nonrec Capital Exp-Ext Bldng	Apr 2017:Actual	0.0
Ansley Place:246:Total Nonrec Capital Exp-Ext Bldng	Apr 2017:Budget	
Ansley Place:246:Total Nonrec Capital Exp-Ext Bldng	Apr 2017:Actual per Unit	0.0
Ansley Place:246:Total Nonrec Capital Exp-Ext Bldng	Apr 2017:Budget per Unit	0.0
Ansley Place:246:Total Nonrec Capital Exp-Ext Bldng	Apr 2017:Budget Variance $	0.0
Ansley Place:246:Total Nonrec Capital Exp-Ext Bldng	Apr 2017:Budget Variance %	
Ansley Place:246:Total Nonrec Capital Exp-Ext Bldng	May 2017:Actual	0.0
Ansley Place:246:Total Nonrec Capital Exp-Ext Bldng	May 2017:Budget	0.0
Ansley Place:246:Total Nonrec Capital Exp-Ext Bldng	May 2017:Actual per Unit	0.0
Ansley Place:246:Total Nonrec Capital Exp-Ext Bldng	May 2017:Budget per Unit	0.0
Ansley Place:246:Total Nonrec Capital Exp-Ext Bldng	May 2017:Budget Variance $	0.0
Ansley Place:246:Total Nonrec Capital Exp-Ext Bldng	May 2017:Budget Variance %	
Ansley Place:246:Total Nonrec Capital Exp-Ext Bldng	Jun 2017:Actual	0.0
Ansley Place:246:Total Nonrec Capital Exp-Ext Bldng	Jun 2017:Budget	0.0
Ansley Place:246:Total Nonrec Capital Exp-Ext Bldng	Jun 2017:Actual per Unit	0.0
Ansley Place:246:Total Nonrec Capital Exp-Ext Bldng	Jun 2017:Budget per Unit	0.0
Ansley Place:246:Total Nonrec Capital Exp-Ext Bldng	Jun 2017:Budget Variance $	0.0
Ansley Place:246:Total Nonrec Capital Exp-Ext Bldng	Jun 2017:Budget Variance %	
Ansley Place:246:Total Nonrec Capital Exp-Ext Bldng	Jul 2017:Actual	
Ansley Place:246:Total Nonrec Capital Exp-Ext Bldng	Jul 2017:Budget	0.0
Ansley Place:246:Total Nonrec Capital Exp-Ext Bldng	Jul 2017:Actual per Unit	0.0
Ansley Place:246:Total Nonrec Capital Exp-Ext Bldng	Jul 2017:Budget per Unit	0.0
Ansley Place:246:Total Nonrec Capital Exp-Ext Bldng	Jul 2017:Budget Variance $	0.0
Ansley Place:246:Total Nonrec Capital Exp-Ext Bldng	Jul 2017:Budget Variance %	
Ansley Place:246:Total Nonrec Capital Exp-Ext Bldng	Actual:Actual	0.0
Ansley Place:246:Total Nonrec Capital Exp-Ext Bldng	Budget:Budget	
Ansley Place:246:Total Nonrec Capital Exp-Ext Bldng	Actual per Unit:Actual per Unit	0.0
Ansley Place:246:Total Nonrec Capital Exp-Ext Bldng	Budget per Unit:Budget per Unit	0.0
Ansley Place:246:Total Nonrec Capital Exp-Ext Bldng	Budget Variance $:Budget Variance $	0.0
Ansley Place:246:Total Nonrec Capital Exp-Ext Bldng	Budget Variance %:Budget Variance %	
Ansley Place:246:Total Nonrec Capital Exp-Int Bldng	Apr 2017:Actual	0.0
Ansley Place:246:Total Nonrec Capital Exp-Int Bldng	Apr 2017:Budget	
Ansley Place:246:Total Nonrec Capital Exp-Int Bldng	Apr 2017:Actual per Unit	0.0
Ansley Place:246:Total Nonrec Capital Exp-Int Bldng	Apr 2017:Budget per Unit	0.0
Ansley Place:246:Total Nonrec Capital Exp-Int Bldng	Apr 2017:Budget Variance $	0.0
Ansley Place:246:Total Nonrec Capital Exp-Int Bldng	Apr 2017:Budget Variance %	
Ansley Place:246:Total Nonrec Capital Exp-Int Bldng	May 2017:Actual	0.0
Ansley Place:246:Total Nonrec Capital Exp-Int Bldng	May 2017:Budget	0.0
Ansley Place:246:Total Nonrec Capital Exp-Int Bldng	May 2017:Actual per Unit	0.0
Ansley Place:246:Total Nonrec Capital Exp-Int Bldng	May 2017:Budget per Unit	0.0
Ansley Place:246:Total Nonrec Capital Exp-Int Bldng	May 2017:Budget Variance $	0.0
Ansley Place:246:Total Nonrec Capital Exp-Int Bldng	May 2017:Budget Variance %	
Ansley Place:246:Total Nonrec Capital Exp-Int Bldng	Jun 2017:Actual	0.0
Ansley Place:246:Total Nonrec Capital Exp-Int Bldng	Jun 2017:Budget	0.0
Ansley Place:246:Total Nonrec Capital Exp-Int Bldng	Jun 2017:Actual per Unit	0.0
Ansley Place:246:Total Nonrec Capital Exp-Int Bldng	Jun 2017:Budget per Unit	0.0
Ansley Place:246:Total Nonrec Capital Exp-Int Bldng	Jun 2017:Budget Variance $	0.0
Ansley Place:246:Total Nonrec Capital Exp-Int Bldng	Jun 2017:Budget Variance %	
Ansley Place:246:Total Nonrec Capital Exp-Int Bldng	Jul 2017:Actual	
Ansley Place:246:Total Nonrec Capital Exp-Int Bldng	Jul 2017:Budget	0.0
Ansley Place:246:Total Nonrec Capital Exp-Int Bldng	Jul 2017:Actual per Unit	0.0
Ansley Place:246:Total Nonrec Capital Exp-Int Bldng	Jul 2017:Budget per Unit	0.0
Ansley Place:246:Total Nonrec Capital Exp-Int Bldng	Jul 2017:Budget Variance $	0.0
Ansley Place:246:Total Nonrec Capital Exp-Int Bldng	Jul 2017:Budget Variance %	
Ansley Place:246:Total Nonrec Capital Exp-Int Bldng	Actual:Actual	0.0
Ansley Place:246:Total Nonrec Capital Exp-Int Bldng	Budget:Budget	
Ansley Place:246:Total Nonrec Capital Exp-Int Bldng	Actual per Unit:Actual per Unit	0.0
Ansley Place:246:Total Nonrec Capital Exp-Int Bldng	Budget per Unit:Budget per Unit	0.0
Ansley Place:246:Total Nonrec Capital Exp-Int Bldng	Budget Variance $:Budget Variance $	0.0
Ansley Place:246:Total Nonrec Capital Exp-Int Bldng	Budget Variance %:Budget Variance %	
Ansley Place:246:Total Nonrec Capital Exp-Landscaping	Apr 2017:Actual	0.0
Ansley Place:246:Total Nonrec Capital Exp-Landscaping	Apr 2017:Budget	
Ansley Place:246:Total Nonrec Capital Exp-Landscaping	Apr 2017:Actual per Unit	0.0
Ansley Place:246:Total Nonrec Capital Exp-Landscaping	Apr 2017:Budget per Unit	0.0
Ansley Place:246:Total Nonrec Capital Exp-Landscaping	Apr 2017:Budget Variance $	0.0
Ansley Place:246:Total Nonrec Capital Exp-Landscaping	Apr 2017:Budget Variance %	
Ansley Place:246:Total Nonrec Capital Exp-Landscaping	May 2017:Actual	0.0
Ansley Place:246:Total Nonrec Capital Exp-Landscaping	May 2017:Budget	0.0
Ansley Place:246:Total Nonrec Capital Exp-Landscaping	May 2017:Actual per Unit	0.0
Ansley Place:246:Total Nonrec Capital Exp-Landscaping	May 2017:Budget per Unit	0.0
Ansley Place:246:Total Nonrec Capital Exp-Landscaping	May 2017:Budget Variance $	0.0
Ansley Place:246:Total Nonrec Capital Exp-Landscaping	May 2017:Budget Variance %	
Ansley Place:246:Total Nonrec Capital Exp-Landscaping	Jun 2017:Actual	0.0
Ansley Place:246:Total Nonrec Capital Exp-Landscaping	Jun 2017:Budget	0.0
Ansley Place:246:Total Nonrec Capital Exp-Landscaping	Jun 2017:Actual per Unit	0.0
Ansley Place:246:Total Nonrec Capital Exp-Landscaping	Jun 2017:Budget per Unit	0.0
Ansley Place:246:Total Nonrec Capital Exp-Landscaping	Jun 2017:Budget Variance $	0.0
Ansley Place:246:Total Nonrec Capital Exp-Landscaping	Jun 2017:Budget Variance %	
Ansley Place:246:Total Nonrec Capital Exp-Landscaping	Jul 2017:Actual	
Ansley Place:246:Total Nonrec Capital Exp-Landscaping	Jul 2017:Budget	0.0
Ansley Place:246:Total Nonrec Capital Exp-Landscaping	Jul 2017:Actual per Unit	0.0
Ansley Place:246:Total Nonrec Capital Exp-Landscaping	Jul 2017:Budget per Unit	0.0
Ansley Place:246:Total Nonrec Capital Exp-Landscaping	Jul 2017:Budget Variance $	0.0
Ansley Place:246:Total Nonrec Capital Exp-Landscaping	Jul 2017:Budget Variance %	
Ansley Place:246:Total Nonrec Capital Exp-Landscaping	Actual:Actual	0.0
Ansley Place:246:Total Nonrec Capital Exp-Landscaping	Budget:Budget	
Ansley Place:246:Total Nonrec Capital Exp-Landscaping	Actual per Unit:Actual per Unit	0.0
Ansley Place:246:Total Nonrec Capital Exp-Landscaping	Budget per Unit:Budget per Unit	0.0
Ansley Place:246:Total Nonrec Capital Exp-Landscaping	Budget Variance $:Budget Variance $	0.0
Ansley Place:246:Total Nonrec Capital Exp-Landscaping	Budget Variance %:Budget Variance %	
Ansley Place:246:Total Nonrec Capital Exp-Mech/Elect/Plumb	Apr 2017:Actual	0.0
Ansley Place:246:Total Nonrec Capital Exp-Mech/Elect/Plumb	Apr 2017:Budget	
Ansley Place:246:Total Nonrec Capital Exp-Mech/Elect/Plumb	Apr 2017:Actual per Unit	0.0
Ansley Place:246:Total Nonrec Capital Exp-Mech/Elect/Plumb	Apr 2017:Budget per Unit	0.0
Ansley Place:246:Total Nonrec Capital Exp-Mech/Elect/Plumb	Apr 2017:Budget Variance $	0.0
Ansley Place:246:Total Nonrec Capital Exp-Mech/Elect/Plumb	Apr 2017:Budget Variance %	
Ansley Place:246:Total Nonrec Capital Exp-Mech/Elect/Plumb	May 2017:Actual	0.0
Ansley Place:246:Total Nonrec Capital Exp-Mech/Elect/Plumb	May 2017:Budget	0.0
Ansley Place:246:Total Nonrec Capital Exp-Mech/Elect/Plumb	May 2017:Actual per Unit	0.0
Ansley Place:246:Total Nonrec Capital Exp-Mech/Elect/Plumb	May 2017:Budget per Unit	0.0
Ansley Place:246:Total Nonrec Capital Exp-Mech/Elect/Plumb	May 2017:Budget Variance $	0.0
Ansley Place:246:Total Nonrec Capital Exp-Mech/Elect/Plumb	May 2017:Budget Variance %	
Ansley Place:246:Total Nonrec Capital Exp-Mech/Elect/Plumb	Jun 2017:Actual	0.0
Ansley Place:246:Total Nonrec Capital Exp-Mech/Elect/Plumb	Jun 2017:Budget	0.0
Ansley Place:246:Total Nonrec Capital Exp-Mech/Elect/Plumb	Jun 2017:Actual per Unit	0.0
Ansley Place:246:Total Nonrec Capital Exp-Mech/Elect/Plumb	Jun 2017:Budget per Unit	0.0
Ansley Place:246:Total Nonrec Capital Exp-Mech/Elect/Plumb	Jun 2017:Budget Variance $	0.0
Ansley Place:246:Total Nonrec Capital Exp-Mech/Elect/Plumb	Jun 2017:Budget Variance %	
Ansley Place:246:Total Nonrec Capital Exp-Mech/Elect/Plumb	Jul 2017:Actual	
Ansley Place:246:Total Nonrec Capital Exp-Mech/Elect/Plumb	Jul 2017:Budget	0.0
Ansley Place:246:Total Nonrec Capital Exp-Mech/Elect/Plumb	Jul 2017:Actual per Unit	0.0
Ansley Place:246:Total Nonrec Capital Exp-Mech/Elect/Plumb	Jul 2017:Budget per Unit	0.0
Ansley Place:246:Total Nonrec Capital Exp-Mech/Elect/Plumb	Jul 2017:Budget Variance $	0.0
Ansley Place:246:Total Nonrec Capital Exp-Mech/Elect/Plumb	Jul 2017:Budget Variance %	
Ansley Place:246:Total Nonrec Capital Exp-Mech/Elect/Plumb	Actual:Actual	0.0
Ansley Place:246:Total Nonrec Capital Exp-Mech/Elect/Plumb	Budget:Budget	
Ansley Place:246:Total Nonrec Capital Exp-Mech/Elect/Plumb	Actual per Unit:Actual per Unit	0.0
Ansley Place:246:Total Nonrec Capital Exp-Mech/Elect/Plumb	Budget per Unit:Budget per Unit	0.0
Ansley Place:246:Total Nonrec Capital Exp-Mech/Elect/Plumb	Budget Variance $:Budget Variance $	0.0
Ansley Place:246:Total Nonrec Capital Exp-Mech/Elect/Plumb	Budget Variance %:Budget Variance %	
Ansley Place:246:Total Nonrec Capital Exp-Other	Apr 2017:Actual	0.0
Ansley Place:246:Total Nonrec Capital Exp-Other	Apr 2017:Budget	
Ansley Place:246:Total Nonrec Capital Exp-Other	Apr 2017:Actual per Unit	0.0
Ansley Place:246:Total Nonrec Capital Exp-Other	Apr 2017:Budget per Unit	0.0
Ansley Place:246:Total Nonrec Capital Exp-Other	Apr 2017:Budget Variance $	0.0
Ansley Place:246:Total Nonrec Capital Exp-Other	Apr 2017:Budget Variance %	
Ansley Place:246:Total Nonrec Capital Exp-Other	May 2017:Actual	0.0
Ansley Place:246:Total Nonrec Capital Exp-Other	May 2017:Budget	0.0
Ansley Place:246:Total Nonrec Capital Exp-Other	May 2017:Actual per Unit	0.0
Ansley Place:246:Total Nonrec Capital Exp-Other	May 2017:Budget per Unit	0.0
Ansley Place:246:Total Nonrec Capital Exp-Other	May 2017:Budget Variance $	0.0
Ansley Place:246:Total Nonrec Capital Exp-Other	May 2017:Budget Variance %	
Ansley Place:246:Total Nonrec Capital Exp-Other	Jun 2017:Actual	0.0
Ansley Place:246:Total Nonrec Capital Exp-Other	Jun 2017:Budget	0.0
Ansley Place:246:Total Nonrec Capital Exp-Other	Jun 2017:Actual per Unit	0.0
Ansley Place:246:Total Nonrec Capital Exp-Other	Jun 2017:Budget per Unit	0.0
Ansley Place:246:Total Nonrec Capital Exp-Other	Jun 2017:Budget Variance $	0.0
Ansley Place:246:Total Nonrec Capital Exp-Other	Jun 2017:Budget Variance %	
Ansley Place:246:Total Nonrec Capital Exp-Other	Jul 2017:Actual	
Ansley Place:246:Total Nonrec Capital Exp-Other	Jul 2017:Budget	0.0
Ansley Place:246:Total Nonrec Capital Exp-Other	Jul 2017:Actual per Unit	0.0
Ansley Place:246:Total Nonrec Capital Exp-Other	Jul 2017:Budget per Unit	0.0
Ansley Place:246:Total Nonrec Capital Exp-Other	Jul 2017:Budget Variance $	0.0
Ansley Place:246:Total Nonrec Capital Exp-Other	Jul 2017:Budget Variance %	
Ansley Place:246:Total Nonrec Capital Exp-Other	Actual:Actual	0.0
Ansley Place:246:Total Nonrec Capital Exp-Other	Budget:Budget	
Ansley Place:246:Total Nonrec Capital Exp-Other	Actual per Unit:Actual per Unit	0.0
Ansley Place:246:Total Nonrec Capital Exp-Other	Budget per Unit:Budget per Unit	0.0
Ansley Place:246:Total Nonrec Capital Exp-Other	Budget Variance $:Budget Variance $	0.0
Ansley Place:246:Total Nonrec Capital Exp-Other	Budget Variance %:Budget Variance %	
Ansley Place:246:Total Nonrec Capital Exp-Site Impr	Apr 2017:Actual	0.0
Ansley Place:246:Total Nonrec Capital Exp-Site Impr	Apr 2017:Budget	
Ansley Place:246:Total Nonrec Capital Exp-Site Impr	Apr 2017:Actual per Unit	0.0
Ansley Place:246:Total Nonrec Capital Exp-Site Impr	Apr 2017:Budget per Unit	0.0
Ansley Place:246:Total Nonrec Capital Exp-Site Impr	Apr 2017:Budget Variance $	0.0
Ansley Place:246:Total Nonrec Capital Exp-Site Impr	Apr 2017:Budget Variance %	
Ansley Place:246:Total Nonrec Capital Exp-Site Impr	May 2017:Actual	10403.0
Ansley Place:246:Total Nonrec Capital Exp-Site Impr	May 2017:Budget	0.0
Ansley Place:246:Total Nonrec Capital Exp-Site Impr	May 2017:Actual per Unit	42.29
Ansley Place:246:Total Nonrec Capital Exp-Site Impr	May 2017:Budget per Unit	0.0
Ansley Place:246:Total Nonrec Capital Exp-Site Impr	May 2017:Budget Variance $	-10403.0
Ansley Place:246:Total Nonrec Capital Exp-Site Impr	May 2017:Budget Variance %	
Ansley Place:246:Total Nonrec Capital Exp-Site Impr	Jun 2017:Actual	0.0
Ansley Place:246:Total Nonrec Capital Exp-Site Impr	Jun 2017:Budget	0.0
Ansley Place:246:Total Nonrec Capital Exp-Site Impr	Jun 2017:Actual per Unit	0.0
Ansley Place:246:Total Nonrec Capital Exp-Site Impr	Jun 2017:Budget per Unit	0.0
Ansley Place:246:Total Nonrec Capital Exp-Site Impr	Jun 2017:Budget Variance $	0.0
Ansley Place:246:Total Nonrec Capital Exp-Site Impr	Jun 2017:Budget Variance %	
Ansley Place:246:Total Nonrec Capital Exp-Site Impr	Jul 2017:Actual	
Ansley Place:246:Total Nonrec Capital Exp-Site Impr	Jul 2017:Budget	0.0
Ansley Place:246:Total Nonrec Capital Exp-Site Impr	Jul 2017:Actual per Unit	0.0
Ansley Place:246:Total Nonrec Capital Exp-Site Impr	Jul 2017:Budget per Unit	0.0
Ansley Place:246:Total Nonrec Capital Exp-Site Impr	Jul 2017:Budget Variance $	0.0
Ansley Place:246:Total Nonrec Capital Exp-Site Impr	Jul 2017:Budget Variance %	
Ansley Place:246:Total Nonrec Capital Exp-Site Impr	Actual:Actual	10403.0
Ansley Place:246:Total Nonrec Capital Exp-Site Impr	Budget:Budget	
Ansley Place:246:Total Nonrec Capital Exp-Site Impr	Actual per Unit:Actual per Unit	10.57
Ansley Place:246:Total Nonrec Capital Exp-Site Impr	Budget per Unit:Budget per Unit	0.0
Ansley Place:246:Total Nonrec Capital Exp-Site Impr	Budget Variance $:Budget Variance $	-10403.0
Ansley Place:246:Total Nonrec Capital Exp-Site Impr	Budget Variance %:Budget Variance %	
Ansley Place:246:Total Recurring Capital Exp-Interiors	Apr 2017:Actual	6416.0
Ansley Place:246:Total Recurring Capital Exp-Interiors	Apr 2017:Budget	
Ansley Place:246:Total Recurring Capital Exp-Interiors	Apr 2017:Actual per Unit	26.08
Ansley Place:246:Total Recurring Capital Exp-Interiors	Apr 2017:Budget per Unit	0.0
Ansley Place:246:Total Recurring Capital Exp-Interiors	Apr 2017:Budget Variance $	-6416.0
Ansley Place:246:Total Recurring Capital Exp-Interiors	Apr 2017:Budget Variance %	
Ansley Place:246:Total Recurring Capital Exp-Interiors	May 2017:Actual	5351.0
Ansley Place:246:Total Recurring Capital Exp-Interiors	May 2017:Budget	6197.0
Ansley Place:246:Total Recurring Capital Exp-Interiors	May 2017:Actual per Unit	21.75
Ansley Place:246:Total Recurring Capital Exp-Interiors	May 2017:Budget per Unit	25.19
Ansley Place:246:Total Recurring Capital Exp-Interiors	May 2017:Budget Variance $	846.0
Ansley Place:246:Total Recurring Capital Exp-Interiors	May 2017:Budget Variance %	13.7
Ansley Place:246:Total Recurring Capital Exp-Interiors	Jun 2017:Actual	5614.0
Ansley Place:246:Total Recurring Capital Exp-Interiors	Jun 2017:Budget	8154.0
Ansley Place:246:Total Recurring Capital Exp-Interiors	Jun 2017:Actual per Unit	22.82
Ansley Place:246:Total Recurring Capital Exp-Interiors	Jun 2017:Budget per Unit	33.15
Ansley Place:246:Total Recurring Capital Exp-Interiors	Jun 2017:Budget Variance $	2540.0
Ansley Place:246:Total Recurring Capital Exp-Interiors	Jun 2017:Budget Variance %	31.2
Ansley Place:246:Total Recurring Capital Exp-Interiors	Jul 2017:Actual	
Ansley Place:246:Total Recurring Capital Exp-Interiors	Jul 2017:Budget	6600.0
Ansley Place:246:Total Recurring Capital Exp-Interiors	Jul 2017:Actual per Unit	0.0
Ansley Place:246:Total Recurring Capital Exp-Interiors	Jul 2017:Budget per Unit	26.83
Ansley Place:246:Total Recurring Capital Exp-Interiors	Jul 2017:Budget Variance $	6600.0
Ansley Place:246:Total Recurring Capital Exp-Interiors	Jul 2017:Budget Variance %	100.0
Ansley Place:246:Total Recurring Capital Exp-Interiors	Actual:Actual	17381.0
Ansley Place:246:Total Recurring Capital Exp-Interiors	Budget:Budget	20951.0
Ansley Place:246:Total Recurring Capital Exp-Interiors	Actual per Unit:Actual per Unit	17.66
Ansley Place:246:Total Recurring Capital Exp-Interiors	Budget per Unit:Budget per Unit	21.29
Ansley Place:246:Total Recurring Capital Exp-Interiors	Budget Variance $:Budget Variance $	3570.0
Ansley Place:246:Total Recurring Capital Exp-Interiors	Budget Variance %:Budget Variance %	17.0
Ansley Place:246:Total Recurring Capital Exp-Other	Apr 2017:Actual	1058.0
Ansley Place:246:Total Recurring Capital Exp-Other	Apr 2017:Budget	
Ansley Place:246:Total Recurring Capital Exp-Other	Apr 2017:Actual per Unit	4.3
Ansley Place:246:Total Recurring Capital Exp-Other	Apr 2017:Budget per Unit	0.0
Ansley Place:246:Total Recurring Capital Exp-Other	Apr 2017:Budget Variance $	-1058.0
Ansley Place:246:Total Recurring Capital Exp-Other	Apr 2017:Budget Variance %	
Ansley Place:246:Total Recurring Capital Exp-Other	May 2017:Actual	100.0
Ansley Place:246:Total Recurring Capital Exp-Other	May 2017:Budget	1012.0
Ansley Place:246:Total Recurring Capital Exp-Other	May 2017:Actual per Unit	0.41
Ansley Place:246:Total Recurring Capital Exp-Other	May 2017:Budget per Unit	4.11
Ansley Place:246:Total Recurring Capital Exp-Other	May 2017:Budget Variance $	912.0
Ansley Place:246:Total Recurring Capital Exp-Other	May 2017:Budget Variance %	90.1
Ansley Place:246:Total Recurring Capital Exp-Other	Jun 2017:Actual	0.0
Ansley Place:246:Total Recurring Capital Exp-Other	Jun 2017:Budget	2500.0
Ansley Place:246:Total Recurring Capital Exp-Other	Jun 2017:Actual per Unit	0.0
Ansley Place:246:Total Recurring Capital Exp-Other	Jun 2017:Budget per Unit	10.16
Ansley Place:246:Total Recurring Capital Exp-Other	Jun 2017:Budget Variance $	2500.0
Ansley Place:246:Total Recurring Capital Exp-Other	Jun 2017:Budget Variance %	100.0
Ansley Place:246:Total Recurring Capital Exp-Other	Jul 2017:Actual	
Ansley Place:246:Total Recurring Capital Exp-Other	Jul 2017:Budget	3012.0
Ansley Place:246:Total Recurring Capital Exp-Other	Jul 2017:Actual per Unit	0.0
Ansley Place:246:Total Recurring Capital Exp-Other	Jul 2017:Budget per Unit	12.24
Ansley Place:246:Total Recurring Capital Exp-Other	Jul 2017:Budget Variance $	3012.0
Ansley Place:246:Total Recurring Capital Exp-Other	Jul 2017:Budget Variance %	100.0
Ansley Place:246:Total Recurring Capital Exp-Other	Actual:Actual	1158.0
Ansley Place:246:Total Recurring Capital Exp-Other	Budget:Budget	6524.0
Ansley Place:246:Total Recurring Capital Exp-Other	Actual per Unit:Actual per Unit	1.18
Ansley Place:246:Total Recurring Capital Exp-Other	Budget per Unit:Budget per Unit	6.63
Ansley Place:246:Total Recurring Capital Exp-Other	Budget Variance $:Budget Variance $	5366.0
Ansley Place:246:Total Recurring Capital Exp-Other	Budget Variance %:Budget Variance %	82.2
Ansley Place Total:Ansley Place Total:Ansley Place Total	Apr 2017:Actual	7474.0
Ansley Place Total:Ansley Place Total:Ansley Place Total	Apr 2017:Budget	
Ansley Place Total:Ansley Place Total:Ansley Place Total	Apr 2017:Actual per Unit	30.38
Ansley Place Total:Ansley Place Total:Ansley Place Total	Apr 2017:Budget per Unit	0.0
Ansley Place Total:Ansley Place Total:Ansley Place Total	Apr 2017:Budget Variance $	-7474.0
Ansley Place Total:Ansley Place Total:Ansley Place Total	Apr 2017:Budget Variance %	
Ansley Place Total:Ansley Place Total:Ansley Place Total	May 2017:Actual	15854.0
Ansley Place Total:Ansley Place Total:Ansley Place Total	May 2017:Budget	7209.0
Ansley Place Total:Ansley Place Total:Ansley Place Total	May 2017:Actual per Unit	64.45
Ansley Place Total:Ansley Place Total:Ansley Place Total	May 2017:Budget per Unit	29.31
Ansley Place Total:Ansley Place Total:Ansley Place Total	May 2017:Budget Variance $	-8645.0
Ansley Place Total:Ansley Place Total:Ansley Place Total	May 2017:Budget Variance %	-119.9
Ansley Place Total:Ansley Place Total:Ansley Place Total	Jun 2017:Actual	5614.0
Ansley Place Total:Ansley Place Total:Ansley Place Total	Jun 2017:Budget	10654.0
Ansley Place Total:Ansley Place Total:Ansley Place Total	Jun 2017:Actual per Unit	22.82
Ansley Place Total:Ansley Place Total:Ansley Place Total	Jun 2017:Budget per Unit	43.31
Ansley Place Total:Ansley Place Total:Ansley Place Total	Jun 2017:Budget Variance $	5040.0
Ansley Place Total:Ansley Place Total:Ansley Place Total	Jun 2017:Budget Variance %	47.3
Ansley Place Total:Ansley Place Total:Ansley Place Total	Jul 2017:Actual	
Ansley Place Total:Ansley Place Total:Ansley Place Total	Jul 2017:Budget	9612.0
Ansley Place Total:Ansley Place Total:Ansley Place Total	Jul 2017:Actual per Unit	0.0
Ansley Place Total:Ansley Place Total:Ansley Place Total	Jul 2017:Budget per Unit	39.07
Ansley Place Total:Ansley Place Total:Ansley Place Total	Jul 2017:Budget Variance $	9612.0
Ansley Place Total:Ansley Place Total:Ansley Place Total	Jul 2017:Budget Variance %	100.0
Ansley Place Total:Ansley Place Total:Ansley Place Total	Actual:Actual	28943.0
Ansley Place Total:Ansley Place Total:Ansley Place Total	Budget:Budget	27475.0
Ansley Place Total:Ansley Place Total:Ansley Place Total	Actual per Unit:Actual per Unit	29.41
Ansley Place Total:Ansley Place Total:Ansley Place Total	Budget per Unit:Budget per Unit	27.92
Ansley Place Total:Ansley Place Total:Ansley Place Total	Budget Variance $:Budget Variance $	-1468.0
Ansley Place Total:Ansley Place Total:Ansley Place Total	Budget Variance %:Budget Variance %	-5.3
Oaks at Greenview, The:300:Total Nonrec Capital Exp-Admin Bldgs	Apr 2017:Actual	0.0
Oaks at Greenview, The:300:Total Nonrec Capital Exp-Admin Bldgs	Apr 2017:Budget	
Oaks at Greenview, The:300:Total Nonrec Capital Exp-Admin Bldgs	Apr 2017:Actual per Unit	0.0
Oaks at Greenview, The:300:Total Nonrec Capital Exp-Admin Bldgs	Apr 2017:Budget per Unit	0.0
Oaks at Greenview, The:300:Total Nonrec Capital Exp-Admin Bldgs	Apr 2017:Budget Variance $	0.0
Oaks at Greenview, The:300:Total Nonrec Capital Exp-Admin Bldgs	Apr 2017:Budget Variance %	
Oaks at Greenview, The:300:Total Nonrec Capital Exp-Admin Bldgs	May 2017:Actual	0.0
Oaks at Greenview, The:300:Total Nonrec Capital Exp-Admin Bldgs	May 2017:Budget	0.0
Oaks at Greenview, The:300:Total Nonrec Capital Exp-Admin Bldgs	May 2017:Actual per Unit	0.0
Oaks at Greenview, The:300:Total Nonrec Capital Exp-Admin Bldgs	May 2017:Budget per Unit	0.0
Oaks at Greenview, The:300:Total Nonrec Capital Exp-Admin Bldgs	May 2017:Budget Variance $	0.0
Oaks at Greenview, The:300:Total Nonrec Capital Exp-Admin Bldgs	May 2017:Budget Variance %	
Oaks at Greenview, The:300:Total Nonrec Capital Exp-Admin Bldgs	Jun 2017:Actual	0.0
Oaks at Greenview, The:300:Total Nonrec Capital Exp-Admin Bldgs	Jun 2017:Budget	0.0
Oaks at Greenview, The:300:Total Nonrec Capital Exp-Admin Bldgs	Jun 2017:Actual per Unit	0.0
Oaks at Greenview, The:300:Total Nonrec Capital Exp-Admin Bldgs	Jun 2017:Budget per Unit	0.0
Oaks at Greenview, The:300:Total Nonrec Capital Exp-Admin Bldgs	Jun 2017:Budget Variance $	0.0
Oaks at Greenview, The:300:Total Nonrec Capital Exp-Admin Bldgs	Jun 2017:Budget Variance %	
Oaks at Greenview, The:300:Total Nonrec Capital Exp-Admin Bldgs	Jul 2017:Actual	
Oaks at Greenview, The:300:Total Nonrec Capital Exp-Admin Bldgs	Jul 2017:Budget	1500.0
Oaks at Greenview, The:300:Total Nonrec Capital Exp-Admin Bldgs	Jul 2017:Actual per Unit	0.0
Oaks at Greenview, The:300:Total Nonrec Capital Exp-Admin Bldgs	Jul 2017:Budget per Unit	5.0
Oaks at Greenview, The:300:Total Nonrec Capital Exp-Admin Bldgs	Jul 2017:Budget Variance $	1500.0
Oaks at Greenview, The:300:Total Nonrec Capital Exp-Admin Bldgs	Jul 2017:Budget Variance %	100.0
Oaks at Greenview, The:300:Total Nonrec Capital Exp-Admin Bldgs	Actual:Actual	0.0
Oaks at Greenview, The:300:Total Nonrec Capital Exp-Admin Bldgs	Budget:Budget	1500.0
Oaks at Greenview, The:300:Total Nonrec Capital Exp-Admin Bldgs	Actual per Unit:Actual per Unit	0.0
Oaks at Greenview, The:300:Total Nonrec Capital Exp-Admin Bldgs	Budget per Unit:Budget per Unit	1.25
Oaks at Greenview, The:300:Total Nonrec Capital Exp-Admin Bldgs	Budget Variance $:Budget Variance $	1500.0
Oaks at Greenview, The:300:Total Nonrec Capital Exp-Admin Bldgs	Budget Variance %:Budget Variance %	100.0
Oaks at Greenview, The:300:Total Nonrec Capital Exp-Ext Bldng	Apr 2017:Actual	0.0
Oaks at Greenview, The:300:Total Nonrec Capital Exp-Ext Bldng	Apr 2017:Budget	
Oaks at Greenview, The:300:Total Nonrec Capital Exp-Ext Bldng	Apr 2017:Actual per Unit	0.0
Oaks at Greenview, The:300:Total Nonrec Capital Exp-Ext Bldng	Apr 2017:Budget per Unit	0.0
Oaks at Greenview, The:300:Total Nonrec Capital Exp-Ext Bldng	Apr 2017:Budget Variance $	0.0
Oaks at Greenview, The:300:Total Nonrec Capital Exp-Ext Bldng	Apr 2017:Budget Variance %	
Oaks at Greenview, The:300:Total Nonrec Capital Exp-Ext Bldng	May 2017:Actual	0.0
Oaks at Greenview, The:300:Total Nonrec Capital Exp-Ext Bldng	May 2017:Budget	0.0
Oaks at Greenview, The:300:Total Nonrec Capital Exp-Ext Bldng	May 2017:Actual per Unit	0.0
Oaks at Greenview, The:300:Total Nonrec Capital Exp-Ext Bldng	May 2017:Budget per Unit	0.0
Oaks at Greenview, The:300:Total Nonrec Capital Exp-Ext Bldng	May 2017:Budget Variance $	0.0
Oaks at Greenview, The:300:Total Nonrec Capital Exp-Ext Bldng	May 2017:Budget Variance %	
Oaks at Greenview, The:300:Total Nonrec Capital Exp-Ext Bldng	Jun 2017:Actual	0.0
Oaks at Greenview, The:300:Total Nonrec Capital Exp-Ext Bldng	Jun 2017:Budget	0.0
Oaks at Greenview, The:300:Total Nonrec Capital Exp-Ext Bldng	Jun 2017:Actual per Unit	0.0
Oaks at Greenview, The:300:Total Nonrec Capital Exp-Ext Bldng	Jun 2017:Budget per Unit	0.0
Oaks at Greenview, The:300:Total Nonrec Capital Exp-Ext Bldng	Jun 2017:Budget Variance $	0.0
Oaks at Greenview, The:300:Total Nonrec Capital Exp-Ext Bldng	Jun 2017:Budget Variance %	
Oaks at Greenview, The:300:Total Nonrec Capital Exp-Ext Bldng	Jul 2017:Actual	
Oaks at Greenview, The:300:Total Nonrec Capital Exp-Ext Bldng	Jul 2017:Budget	0.0
Oaks at Greenview, The:300:Total Nonrec Capital Exp-Ext Bldng	Jul 2017:Actual per Unit	0.0
Oaks at Greenview, The:300:Total Nonrec Capital Exp-Ext Bldng	Jul 2017:Budget per Unit	0.0
Oaks at Greenview, The:300:Total Nonrec Capital Exp-Ext Bldng	Jul 2017:Budget Variance $	0.0
Oaks at Greenview, The:300:Total Nonrec Capital Exp-Ext Bldng	Jul 2017:Budget Variance %	
Oaks at Greenview, The:300:Total Nonrec Capital Exp-Ext Bldng	Actual:Actual	0.0
Oaks at Greenview, The:300:Total Nonrec Capital Exp-Ext Bldng	Budget:Budget	
Oaks at Greenview, The:300:Total Nonrec Capital Exp-Ext Bldng	Actual per Unit:Actual per Unit	0.0
Oaks at Greenview, The:300:Total Nonrec Capital Exp-Ext Bldng	Budget per Unit:Budget per Unit	0.0
Oaks at Greenview, The:300:Total Nonrec Capital Exp-Ext Bldng	Budget Variance $:Budget Variance $	0.0
Oaks at Greenview, The:300:Total Nonrec Capital Exp-Ext Bldng	Budget Variance %:Budget Variance %	
Oaks at Greenview, The:300:Total Nonrec Capital Exp-Int Bldng	Apr 2017:Actual	0.0
Oaks at Greenview, The:300:Total Nonrec Capital Exp-Int Bldng	Apr 2017:Budget	
Oaks at Greenview, The:300:Total Nonrec Capital Exp-Int Bldng	Apr 2017:Actual per Unit	0.0
Oaks at Greenview, The:300:Total Nonrec Capital Exp-Int Bldng	Apr 2017:Budget per Unit	0.0
Oaks at Greenview, The:300:Total Nonrec Capital Exp-Int Bldng	Apr 2017:Budget Variance $	0.0
Oaks at Greenview, The:300:Total Nonrec Capital Exp-Int Bldng	Apr 2017:Budget Variance %	
Oaks at Greenview, The:300:Total Nonrec Capital Exp-Int Bldng	May 2017:Actual	0.0
Oaks at Greenview, The:300:Total Nonrec Capital Exp-Int Bldng	May 2017:Budget	0.0
Oaks at Greenview, The:300:Total Nonrec Capital Exp-Int Bldng	May 2017:Actual per Unit	0.0
Oaks at Greenview, The:300:Total Nonrec Capital Exp-Int Bldng	May 2017:Budget per Unit	0.0
Oaks at Greenview, The:300:Total Nonrec Capital Exp-Int Bldng	May 2017:Budget Variance $	0.0
Oaks at Greenview, The:300:Total Nonrec Capital Exp-Int Bldng	May 2017:Budget Variance %	
Oaks at Greenview, The:300:Total Nonrec Capital Exp-Int Bldng	Jun 2017:Actual	0.0
Oaks at Greenview, The:300:Total Nonrec Capital Exp-Int Bldng	Jun 2017:Budget	0.0
Oaks at Greenview, The:300:Total Nonrec Capital Exp-Int Bldng	Jun 2017:Actual per Unit	0.0
Oaks at Greenview, The:300:Total Nonrec Capital Exp-Int Bldng	Jun 2017:Budget per Unit	0.0
Oaks at Greenview, The:300:Total Nonrec Capital Exp-Int Bldng	Jun 2017:Budget Variance $	0.0
Oaks at Greenview, The:300:Total Nonrec Capital Exp-Int Bldng	Jun 2017:Budget Variance %	
Oaks at Greenview, The:300:Total Nonrec Capital Exp-Int Bldng	Jul 2017:Actual	
Oaks at Greenview, The:300:Total Nonrec Capital Exp-Int Bldng	Jul 2017:Budget	0.0
Oaks at Greenview, The:300:Total Nonrec Capital Exp-Int Bldng	Jul 2017:Actual per Unit	0.0
Oaks at Greenview, The:300:Total Nonrec Capital Exp-Int Bldng	Jul 2017:Budget per Unit	0.0
Oaks at Greenview, The:300:Total Nonrec Capital Exp-Int Bldng	Jul 2017:Budget Variance $	0.0
Oaks at Greenview, The:300:Total Nonrec Capital Exp-Int Bldng	Jul 2017:Budget Variance %	
Oaks at Greenview, The:300:Total Nonrec Capital Exp-Int Bldng	Actual:Actual	0.0
Oaks at Greenview, The:300:Total Nonrec Capital Exp-Int Bldng	Budget:Budget	
Oaks at Greenview, The:300:Total Nonrec Capital Exp-Int Bldng	Actual per Unit:Actual per Unit	0.0
Oaks at Greenview, The:300:Total Nonrec Capital Exp-Int Bldng	Budget per Unit:Budget per Unit	0.0
Oaks at Greenview, The:300:Total Nonrec Capital Exp-Int Bldng	Budget Variance $:Budget Variance $	0.0
Oaks at Greenview, The:300:Total Nonrec Capital Exp-Int Bldng	Budget Variance %:Budget Variance %	
Oaks at Greenview, The:300:Total Nonrec Capital Exp-Landscaping	Apr 2017:Actual	4888.0
Oaks at Greenview, The:300:Total Nonrec Capital Exp-Landscaping	Apr 2017:Budget	
Oaks at Greenview, The:300:Total Nonrec Capital Exp-Landscaping	Apr 2017:Actual per Unit	16.29
Oaks at Greenview, The:300:Total Nonrec Capital Exp-Landscaping	Apr 2017:Budget per Unit	0.0
Oaks at Greenview, The:300:Total Nonrec Capital Exp-Landscaping	Apr 2017:Budget Variance $	-4888.0
Oaks at Greenview, The:300:Total Nonrec Capital Exp-Landscaping	Apr 2017:Budget Variance %	
Oaks at Greenview, The:300:Total Nonrec Capital Exp-Landscaping	May 2017:Actual	0.0
Oaks at Greenview, The:300:Total Nonrec Capital Exp-Landscaping	May 2017:Budget	0.0
Oaks at Greenview, The:300:Total Nonrec Capital Exp-Landscaping	May 2017:Actual per Unit	0.0
Oaks at Greenview, The:300:Total Nonrec Capital Exp-Landscaping	May 2017:Budget per Unit	0.0
Oaks at Greenview, The:300:Total Nonrec Capital Exp-Landscaping	May 2017:Budget Variance $	0.0
Oaks at Greenview, The:300:Total Nonrec Capital Exp-Landscaping	May 2017:Budget Variance %	
Oaks at Greenview, The:300:Total Nonrec Capital Exp-Landscaping	Jun 2017:Actual	0.0
Oaks at Greenview, The:300:Total Nonrec Capital Exp-Landscaping	Jun 2017:Budget	0.0
Oaks at Greenview, The:300:Total Nonrec Capital Exp-Landscaping	Jun 2017:Actual per Unit	0.0
Oaks at Greenview, The:300:Total Nonrec Capital Exp-Landscaping	Jun 2017:Budget per Unit	0.0
Oaks at Greenview, The:300:Total Nonrec Capital Exp-Landscaping	Jun 2017:Budget Variance $	0.0
Oaks at Greenview, The:300:Total Nonrec Capital Exp-Landscaping	Jun 2017:Budget Variance %	
Oaks at Greenview, The:300:Total Nonrec Capital Exp-Landscaping	Jul 2017:Actual	
Oaks at Greenview, The:300:Total Nonrec Capital Exp-Landscaping	Jul 2017:Budget	0.0
Oaks at Greenview, The:300:Total Nonrec Capital Exp-Landscaping	Jul 2017:Actual per Unit	0.0
Oaks at Greenview, The:300:Total Nonrec Capital Exp-Landscaping	Jul 2017:Budget per Unit	0.0
Oaks at Greenview, The:300:Total Nonrec Capital Exp-Landscaping	Jul 2017:Budget Variance $	0.0
Oaks at Greenview, The:300:Total Nonrec Capital Exp-Landscaping	Jul 2017:Budget Variance %	
Oaks at Greenview, The:300:Total Nonrec Capital Exp-Landscaping	Actual:Actual	4888.0
Oaks at Greenview, The:300:Total Nonrec Capital Exp-Landscaping	Budget:Budget	
Oaks at Greenview, The:300:Total Nonrec Capital Exp-Landscaping	Actual per Unit:Actual per Unit	4.07
Oaks at Greenview, The:300:Total Nonrec Capital Exp-Landscaping	Budget per Unit:Budget per Unit	0.0
Oaks at Greenview, The:300:Total Nonrec Capital Exp-Landscaping	Budget Variance $:Budget Variance $	-4888.0
Oaks at Greenview, The:300:Total Nonrec Capital Exp-Landscaping	Budget Variance %:Budget Variance %	
Oaks at Greenview, The:300:Total Nonrec Capital Exp-Mech/Elect/Plumb	Apr 2017:Actual	0.0
Oaks at Greenview, The:300:Total Nonrec Capital Exp-Mech/Elect/Plumb	Apr 2017:Budget	
Oaks at Greenview, The:300:Total Nonrec Capital Exp-Mech/Elect/Plumb	Apr 2017:Actual per Unit	0.0
Oaks at Greenview, The:300:Total Nonrec Capital Exp-Mech/Elect/Plumb	Apr 2017:Budget per Unit	0.0
Oaks at Greenview, The:300:Total Nonrec Capital Exp-Mech/Elect/Plumb	Apr 2017:Budget Variance $	0.0
Oaks at Greenview, The:300:Total Nonrec Capital Exp-Mech/Elect/Plumb	Apr 2017:Budget Variance %	
Oaks at Greenview, The:300:Total Nonrec Capital Exp-Mech/Elect/Plumb	May 2017:Actual	0.0
Oaks at Greenview, The:300:Total Nonrec Capital Exp-Mech/Elect/Plumb	May 2017:Budget	0.0
Oaks at Greenview, The:300:Total Nonrec Capital Exp-Mech/Elect/Plumb	May 2017:Actual per Unit	0.0
Oaks at Greenview, The:300:Total Nonrec Capital Exp-Mech/Elect/Plumb	May 2017:Budget per Unit	0.0
Oaks at Greenview, The:300:Total Nonrec Capital Exp-Mech/Elect/Plumb	May 2017:Budget Variance $	0.0
Oaks at Greenview, The:300:Total Nonrec Capital Exp-Mech/Elect/Plumb	May 2017:Budget Variance %	
Oaks at Greenview, The:300:Total Nonrec Capital Exp-Mech/Elect/Plumb	Jun 2017:Actual	0.0
Oaks at Greenview, The:300:Total Nonrec Capital Exp-Mech/Elect/Plumb	Jun 2017:Budget	0.0
Oaks at Greenview, The:300:Total Nonrec Capital Exp-Mech/Elect/Plumb	Jun 2017:Actual per Unit	0.0
Oaks at Greenview, The:300:Total Nonrec Capital Exp-Mech/Elect/Plumb	Jun 2017:Budget per Unit	0.0
Oaks at Greenview, The:300:Total Nonrec Capital Exp-Mech/Elect/Plumb	Jun 2017:Budget Variance $	0.0
Oaks at Greenview, The:300:Total Nonrec Capital Exp-Mech/Elect/Plumb	Jun 2017:Budget Variance %	
Oaks at Greenview, The:300:Total Nonrec Capital Exp-Mech/Elect/Plumb	Jul 2017:Actual	
Oaks at Greenview, The:300:Total Nonrec Capital Exp-Mech/Elect/Plumb	Jul 2017:Budget	0.0
Oaks at Greenview, The:300:Total Nonrec Capital Exp-Mech/Elect/Plumb	Jul 2017:Actual per Unit	0.0
Oaks at Greenview, The:300:Total Nonrec Capital Exp-Mech/Elect/Plumb	Jul 2017:Budget per Unit	0.0
Oaks at Greenview, The:300:Total Nonrec Capital Exp-Mech/Elect/Plumb	Jul 2017:Budget Variance $	0.0
Oaks at Greenview, The:300:Total Nonrec Capital Exp-Mech/Elect/Plumb	Jul 2017:Budget Variance %	
Oaks at Greenview, The:300:Total Nonrec Capital Exp-Mech/Elect/Plumb	Actual:Actual	0.0
Oaks at Greenview, The:300:Total Nonrec Capital Exp-Mech/Elect/Plumb	Budget:Budget	
Oaks at Greenview, The:300:Total Nonrec Capital Exp-Mech/Elect/Plumb	Actual per Unit:Actual per Unit	0.0
Oaks at Greenview, The:300:Total Nonrec Capital Exp-Mech/Elect/Plumb	Budget per Unit:Budget per Unit	0.0
Oaks at Greenview, The:300:Total Nonrec Capital Exp-Mech/Elect/Plumb	Budget Variance $:Budget Variance $	0.0
Oaks at Greenview, The:300:Total Nonrec Capital Exp-Mech/Elect/Plumb	Budget Variance %:Budget Variance %	
Oaks at Greenview, The:300:Total Nonrec Capital Exp-Other	Apr 2017:Actual	532.0
Oaks at Greenview, The:300:Total Nonrec Capital Exp-Other	Apr 2017:Budget	
Oaks at Greenview, The:300:Total Nonrec Capital Exp-Other	Apr 2017:Actual per Unit	1.77
Oaks at Greenview, The:300:Total Nonrec Capital Exp-Other	Apr 2017:Budget per Unit	0.0
Oaks at Greenview, The:300:Total Nonrec Capital Exp-Other	Apr 2017:Budget Variance $	-532.0
Oaks at Greenview, The:300:Total Nonrec Capital Exp-Other	Apr 2017:Budget Variance %	
Oaks at Greenview, The:300:Total Nonrec Capital Exp-Other	May 2017:Actual	0.0
Oaks at Greenview, The:300:Total Nonrec Capital Exp-Other	May 2017:Budget	0.0
Oaks at Greenview, The:300:Total Nonrec Capital Exp-Other	May 2017:Actual per Unit	0.0
Oaks at Greenview, The:300:Total Nonrec Capital Exp-Other	May 2017:Budget per Unit	0.0
Oaks at Greenview, The:300:Total Nonrec Capital Exp-Other	May 2017:Budget Variance $	0.0
Oaks at Greenview, The:300:Total Nonrec Capital Exp-Other	May 2017:Budget Variance %	
Oaks at Greenview, The:300:Total Nonrec Capital Exp-Other	Jun 2017:Actual	0.0
Oaks at Greenview, The:300:Total Nonrec Capital Exp-Other	Jun 2017:Budget	0.0
Oaks at Greenview, The:300:Total Nonrec Capital Exp-Other	Jun 2017:Actual per Unit	0.0
Oaks at Greenview, The:300:Total Nonrec Capital Exp-Other	Jun 2017:Budget per Unit	0.0
Oaks at Greenview, The:300:Total Nonrec Capital Exp-Other	Jun 2017:Budget Variance $	0.0
Oaks at Greenview, The:300:Total Nonrec Capital Exp-Other	Jun 2017:Budget Variance %	
Oaks at Greenview, The:300:Total Nonrec Capital Exp-Other	Jul 2017:Actual	
Oaks at Greenview, The:300:Total Nonrec Capital Exp-Other	Jul 2017:Budget	0.0
Oaks at Greenview, The:300:Total Nonrec Capital Exp-Other	Jul 2017:Actual per Unit	0.0
Oaks at Greenview, The:300:Total Nonrec Capital Exp-Other	Jul 2017:Budget per Unit	0.0
Oaks at Greenview, The:300:Total Nonrec Capital Exp-Other	Jul 2017:Budget Variance $	0.0
Oaks at Greenview, The:300:Total Nonrec Capital Exp-Other	Jul 2017:Budget Variance %	
Oaks at Greenview, The:300:Total Nonrec Capital Exp-Other	Actual:Actual	532.0
Oaks at Greenview, The:300:Total Nonrec Capital Exp-Other	Budget:Budget	
Oaks at Greenview, The:300:Total Nonrec Capital Exp-Other	Actual per Unit:Actual per Unit	0.44
Oaks at Greenview, The:300:Total Nonrec Capital Exp-Other	Budget per Unit:Budget per Unit	0.0
Oaks at Greenview, The:300:Total Nonrec Capital Exp-Other	Budget Variance $:Budget Variance $	-532.0
Oaks at Greenview, The:300:Total Nonrec Capital Exp-Other	Budget Variance %:Budget Variance %	
Oaks at Greenview, The:300:Total Nonrec Capital Exp-Site Impr	Apr 2017:Actual	2560.0
Oaks at Greenview, The:300:Total Nonrec Capital Exp-Site Impr	Apr 2017:Budget	
Oaks at Greenview, The:300:Total Nonrec Capital Exp-Site Impr	Apr 2017:Actual per Unit	8.53
Oaks at Greenview, The:300:Total Nonrec Capital Exp-Site Impr	Apr 2017:Budget per Unit	0.0
Oaks at Greenview, The:300:Total Nonrec Capital Exp-Site Impr	Apr 2017:Budget Variance $	-2560.0
Oaks at Greenview, The:300:Total Nonrec Capital Exp-Site Impr	Apr 2017:Budget Variance %	
Oaks at Greenview, The:300:Total Nonrec Capital Exp-Site Impr	May 2017:Actual	10740.0
Oaks at Greenview, The:300:Total Nonrec Capital Exp-Site Impr	May 2017:Budget	5000.0
Oaks at Greenview, The:300:Total Nonrec Capital Exp-Site Impr	May 2017:Actual per Unit	35.8
Oaks at Greenview, The:300:Total Nonrec Capital Exp-Site Impr	May 2017:Budget per Unit	16.67
Oaks at Greenview, The:300:Total Nonrec Capital Exp-Site Impr	May 2017:Budget Variance $	-5740.0
Oaks at Greenview, The:300:Total Nonrec Capital Exp-Site Impr	May 2017:Budget Variance %	-114.8
Oaks at Greenview, The:300:Total Nonrec Capital Exp-Site Impr	Jun 2017:Actual	18403.0
Oaks at Greenview, The:300:Total Nonrec Capital Exp-Site Impr	Jun 2017:Budget	0.0
Oaks at Greenview, The:300:Total Nonrec Capital Exp-Site Impr	Jun 2017:Actual per Unit	61.34
Oaks at Greenview, The:300:Total Nonrec Capital Exp-Site Impr	Jun 2017:Budget per Unit	0.0
Oaks at Greenview, The:300:Total Nonrec Capital Exp-Site Impr	Jun 2017:Budget Variance $	-18403.0
Oaks at Greenview, The:300:Total Nonrec Capital Exp-Site Impr	Jun 2017:Budget Variance %	
Oaks at Greenview, The:300:Total Nonrec Capital Exp-Site Impr	Jul 2017:Actual	
Oaks at Greenview, The:300:Total Nonrec Capital Exp-Site Impr	Jul 2017:Budget	0.0
Oaks at Greenview, The:300:Total Nonrec Capital Exp-Site Impr	Jul 2017:Actual per Unit	0.0
Oaks at Greenview, The:300:Total Nonrec Capital Exp-Site Impr	Jul 2017:Budget per Unit	0.0
Oaks at Greenview, The:300:Total Nonrec Capital Exp-Site Impr	Jul 2017:Budget Variance $	0.0
Oaks at Greenview, The:300:Total Nonrec Capital Exp-Site Impr	Jul 2017:Budget Variance %	
Oaks at Greenview, The:300:Total Nonrec Capital Exp-Site Impr	Actual:Actual	31702.0
Oaks at Greenview, The:300:Total Nonrec Capital Exp-Site Impr	Budget:Budget	5000.0
Oaks at Greenview, The:300:Total Nonrec Capital Exp-Site Impr	Actual per Unit:Actual per Unit	26.42
Oaks at Greenview, The:300:Total Nonrec Capital Exp-Site Impr	Budget per Unit:Budget per Unit	4.17
Oaks at Greenview, The:300:Total Nonrec Capital Exp-Site Impr	Budget Variance $:Budget Variance $	-26702.0
Oaks at Greenview, The:300:Total Nonrec Capital Exp-Site Impr	Budget Variance %:Budget Variance %	-534.0
Oaks at Greenview, The:300:Total Recurring Capital Exp-Interiors	Apr 2017:Actual	8189.0
Oaks at Greenview, The:300:Total Recurring Capital Exp-Interiors	Apr 2017:Budget	
Oaks at Greenview, The:300:Total Recurring Capital Exp-Interiors	Apr 2017:Actual per Unit	27.3
Oaks at Greenview, The:300:Total Recurring Capital Exp-Interiors	Apr 2017:Budget per Unit	0.0
Oaks at Greenview, The:300:Total Recurring Capital Exp-Interiors	Apr 2017:Budget Variance $	-8189.0
Oaks at Greenview, The:300:Total Recurring Capital Exp-Interiors	Apr 2017:Budget Variance %	
Oaks at Greenview, The:300:Total Recurring Capital Exp-Interiors	May 2017:Actual	8691.0
Oaks at Greenview, The:300:Total Recurring Capital Exp-Interiors	May 2017:Budget	7292.0
Oaks at Greenview, The:300:Total Recurring Capital Exp-Interiors	May 2017:Actual per Unit	28.97
Oaks at Greenview, The:300:Total Recurring Capital Exp-Interiors	May 2017:Budget per Unit	24.31
Oaks at Greenview, The:300:Total Recurring Capital Exp-Interiors	May 2017:Budget Variance $	-1399.0
Oaks at Greenview, The:300:Total Recurring Capital Exp-Interiors	May 2017:Budget Variance %	-19.2
Oaks at Greenview, The:300:Total Recurring Capital Exp-Interiors	Jun 2017:Actual	1894.0
Oaks at Greenview, The:300:Total Recurring Capital Exp-Interiors	Jun 2017:Budget	7717.0
Oaks at Greenview, The:300:Total Recurring Capital Exp-Interiors	Jun 2017:Actual per Unit	6.31
Oaks at Greenview, The:300:Total Recurring Capital Exp-Interiors	Jun 2017:Budget per Unit	25.72
Oaks at Greenview, The:300:Total Recurring Capital Exp-Interiors	Jun 2017:Budget Variance $	5823.0
Oaks at Greenview, The:300:Total Recurring Capital Exp-Interiors	Jun 2017:Budget Variance %	75.5
Oaks at Greenview, The:300:Total Recurring Capital Exp-Interiors	Jul 2017:Actual	
Oaks at Greenview, The:300:Total Recurring Capital Exp-Interiors	Jul 2017:Budget	6867.0
Oaks at Greenview, The:300:Total Recurring Capital Exp-Interiors	Jul 2017:Actual per Unit	0.0
Oaks at Greenview, The:300:Total Recurring Capital Exp-Interiors	Jul 2017:Budget per Unit	22.89
Oaks at Greenview, The:300:Total Recurring Capital Exp-Interiors	Jul 2017:Budget Variance $	6867.0
Oaks at Greenview, The:300:Total Recurring Capital Exp-Interiors	Jul 2017:Budget Variance %	100.0
Oaks at Greenview, The:300:Total Recurring Capital Exp-Interiors	Actual:Actual	18775.0
Oaks at Greenview, The:300:Total Recurring Capital Exp-Interiors	Budget:Budget	21876.0
Oaks at Greenview, The:300:Total Recurring Capital Exp-Interiors	Actual per Unit:Actual per Unit	15.65
Oaks at Greenview, The:300:Total Recurring Capital Exp-Interiors	Budget per Unit:Budget per Unit	18.23
Oaks at Greenview, The:300:Total Recurring Capital Exp-Interiors	Budget Variance $:Budget Variance $	3101.0
Oaks at Greenview, The:300:Total Recurring Capital Exp-Interiors	Budget Variance %:Budget Variance %	14.2
Oaks at Greenview, The:300:Total Recurring Capital Exp-Other	Apr 2017:Actual	1751.0
Oaks at Greenview, The:300:Total Recurring Capital Exp-Other	Apr 2017:Budget	
Oaks at Greenview, The:300:Total Recurring Capital Exp-Other	Apr 2017:Actual per Unit	5.84
Oaks at Greenview, The:300:Total Recurring Capital Exp-Other	Apr 2017:Budget per Unit	0.0
Oaks at Greenview, The:300:Total Recurring Capital Exp-Other	Apr 2017:Budget Variance $	-1751.0
Oaks at Greenview, The:300:Total Recurring Capital Exp-Other	Apr 2017:Budget Variance %	
Oaks at Greenview, The:300:Total Recurring Capital Exp-Other	May 2017:Actual	2245.0
Oaks at Greenview, The:300:Total Recurring Capital Exp-Other	May 2017:Budget	1300.0
Oaks at Greenview, The:300:Total Recurring Capital Exp-Other	May 2017:Actual per Unit	7.48
Oaks at Greenview, The:300:Total Recurring Capital Exp-Other	May 2017:Budget per Unit	4.33
Oaks at Greenview, The:300:Total Recurring Capital Exp-Other	May 2017:Budget Variance $	-945.0
Oaks at Greenview, The:300:Total Recurring Capital Exp-Other	May 2017:Budget Variance %	-72.7
Oaks at Greenview, The:300:Total Recurring Capital Exp-Other	Jun 2017:Actual	1112.0
Oaks at Greenview, The:300:Total Recurring Capital Exp-Other	Jun 2017:Budget	1300.0
Oaks at Greenview, The:300:Total Recurring Capital Exp-Other	Jun 2017:Actual per Unit	3.71
Oaks at Greenview, The:300:Total Recurring Capital Exp-Other	Jun 2017:Budget per Unit	4.33
Oaks at Greenview, The:300:Total Recurring Capital Exp-Other	Jun 2017:Budget Variance $	188.0
Oaks at Greenview, The:300:Total Recurring Capital Exp-Other	Jun 2017:Budget Variance %	14.5
Oaks at Greenview, The:300:Total Recurring Capital Exp-Other	Jul 2017:Actual	
Oaks at Greenview, The:300:Total Recurring Capital Exp-Other	Jul 2017:Budget	2600.0
Oaks at Greenview, The:300:Total Recurring Capital Exp-Other	Jul 2017:Actual per Unit	0.0
Oaks at Greenview, The:300:Total Recurring Capital Exp-Other	Jul 2017:Budget per Unit	8.67
Oaks at Greenview, The:300:Total Recurring Capital Exp-Other	Jul 2017:Budget Variance $	2600.0
Oaks at Greenview, The:300:Total Recurring Capital Exp-Other	Jul 2017:Budget Variance %	100.0
Oaks at Greenview, The:300:Total Recurring Capital Exp-Other	Actual:Actual	5108.0
Oaks at Greenview, The:300:Total Recurring Capital Exp-Other	Budget:Budget	5200.0
Oaks at Greenview, The:300:Total Recurring Capital Exp-Other	Actual per Unit:Actual per Unit	4.26
Oaks at Greenview, The:300:Total Recurring Capital Exp-Other	Budget per Unit:Budget per Unit	4.33
Oaks at Greenview, The:300:Total Recurring Capital Exp-Other	Budget Variance $:Budget Variance $	92.0
Oaks at Greenview, The:300:Total Recurring Capital Exp-Other	Budget Variance %:Budget Variance %	1.8
Oaks at Greenview, The Total:Oaks at Greenview, The Total:Oaks at Greenview, The Total	Apr 2017:Actual	17919.0
Oaks at Greenview, The Total:Oaks at Greenview, The Total:Oaks at Greenview, The Total	Apr 2017:Budget	
Oaks at Greenview, The Total:Oaks at Greenview, The Total:Oaks at Greenview, The Total	Apr 2017:Actual per Unit	59.73
Oaks at Greenview, The Total:Oaks at Greenview, The Total:Oaks at Greenview, The Total	Apr 2017:Budget per Unit	0.0
Oaks at Greenview, The Total:Oaks at Greenview, The Total:Oaks at Greenview, The Total	Apr 2017:Budget Variance $	-17919.0
Oaks at Greenview, The Total:Oaks at Greenview, The Total:Oaks at Greenview, The Total	Apr 2017:Budget Variance %	
Oaks at Greenview, The Total:Oaks at Greenview, The Total:Oaks at Greenview, The Total	May 2017:Actual	21676.0
Oaks at Greenview, The Total:Oaks at Greenview, The Total:Oaks at Greenview, The Total	May 2017:Budget	13592.0
Oaks at Greenview, The Total:Oaks at Greenview, The Total:Oaks at Greenview, The Total	May 2017:Actual per Unit	72.25
Oaks at Greenview, The Total:Oaks at Greenview, The Total:Oaks at Greenview, The Total	May 2017:Budget per Unit	45.31
Oaks at Greenview, The Total:Oaks at Greenview, The Total:Oaks at Greenview, The Total	May 2017:Budget Variance $	-8084.0
Oaks at Greenview, The Total:Oaks at Greenview, The Total:Oaks at Greenview, The Total	May 2017:Budget Variance %	-59.5
Oaks at Greenview, The Total:Oaks at Greenview, The Total:Oaks at Greenview, The Total	Jun 2017:Actual	21409.0
Oaks at Greenview, The Total:Oaks at Greenview, The Total:Oaks at Greenview, The Total	Jun 2017:Budget	9017.0
Oaks at Greenview, The Total:Oaks at Greenview, The Total:Oaks at Greenview, The Total	Jun 2017:Actual per Unit	71.36
Oaks at Greenview, The Total:Oaks at Greenview, The Total:Oaks at Greenview, The Total	Jun 2017:Budget per Unit	30.06
Oaks at Greenview, The Total:Oaks at Greenview, The Total:Oaks at Greenview, The Total	Jun 2017:Budget Variance $	-12392.0
Oaks at Greenview, The Total:Oaks at Greenview, The Total:Oaks at Greenview, The Total	Jun 2017:Budget Variance %	-137.4
Oaks at Greenview, The Total:Oaks at Greenview, The Total:Oaks at Greenview, The Total	Jul 2017:Actual	
Oaks at Greenview, The Total:Oaks at Greenview, The Total:Oaks at Greenview, The Total	Jul 2017:Budget	10967.0
Oaks at Greenview, The Total:Oaks at Greenview, The Total:Oaks at Greenview, The Total	Jul 2017:Actual per Unit	0.0
Oaks at Greenview, The Total:Oaks at Greenview, The Total:Oaks at Greenview, The Total	Jul 2017:Budget per Unit	36.56
Oaks at Greenview, The Total:Oaks at Greenview, The Total:Oaks at Greenview, The Total	Jul 2017:Budget Variance $	10967.0
Oaks at Greenview, The Total:Oaks at Greenview, The Total:Oaks at Greenview, The Total	Jul 2017:Budget Variance %	100.0
Oaks at Greenview, The Total:Oaks at Greenview, The Total:Oaks at Greenview, The Total	Actual:Actual	61004.0
Oaks at Greenview, The Total:Oaks at Greenview, The Total:Oaks at Greenview, The Total	Budget:Budget	33576.0
Oaks at Greenview, The Total:Oaks at Greenview, The Total:Oaks at Greenview, The Total	Actual per Unit:Actual per Unit	50.84
Oaks at Greenview, The Total:Oaks at Greenview, The Total:Oaks at Greenview, The Total	Budget per Unit:Budget per Unit	27.98
Oaks at Greenview, The Total:Oaks at Greenview, The Total:Oaks at Greenview, The Total	Budget Variance $:Budget Variance $	-27428.0
Oaks at Greenview, The Total:Oaks at Greenview, The Total:Oaks at Greenview, The Total	Budget Variance %:Budget Variance %	-81.7